name,phoneNumber,email,address,userAgent,hexcolor
"Rozella Gerhold",+1.924.523.6705,corrine.bailey@beahan.org,"7653 Schoen Haven
Lake Jaeden, KY 13923","Mozilla/5.0 (X11; Linux x86_64) AppleWebKit/5341 (KHTML, like Gecko) Chrome/40.0.830.0 Mobile Safari/5341",#e99a67
"Miss Grace Gleichner","(664) 633-6103",payton.luettgen@gmail.com,"6925 Blanda Island
Jeanetteview, PA 62412","Mozilla/5.0 (Macintosh; U; Intel Mac OS X 10_6_0 rv:2.0; en-US) AppleWebKit/534.27.4 (KHTML, like Gecko) Version/4.0 Safari/534.27.4",#0ca70a
"Chelsie Ward",603.847.4811,crooks.zechariah@borer.com,"24694 Ziemann Prairie
Jarentown, PA 95778","Mozilla/5.0 (Macintosh; Intel Mac OS X 10_6_0) AppleWebKit/5362 (KHTML, like Gecko) Chrome/37.0.874.0 Mobile Safari/5362",#2357f5
"Christop Cummings MD",1-964-346-1787,theodore.emmerich@sanford.com,"388 Little Villages Apt. 014
Port Tatyanatown, NJ 63653-4725","Mozilla/5.0 (X11; Linux x86_64; rv:5.0) Gecko/20220601 Firefox/36.0",#286d54
"Montana Jakubowski",249-368-2023,edison.aufderhar@stehr.net,"88320 Stoltenberg Terrace Apt. 613
Schadenborough, OK 28123","Mozilla/5.0 (compatible; MSIE 6.0; Windows NT 6.1; Trident/4.1)",#2ad3e8
"Brody Kris","(256) 276-9497",lwilderman@jaskolski.com,"6819 Weissnat Run Apt. 188
Port Melbaberg, UT 24472-1508","Mozilla/5.0 (compatible; MSIE 8.0; Windows NT 6.0; Trident/3.0)",#39da5e
"Lola Davis","+1 (352) 306-2586",carmelo25@bechtelar.com,"971 Weissnat Turnpike
Sawaynfurt, WA 52457-8608","Mozilla/5.0 (compatible; MSIE 6.0; Windows 98; Win 9x 4.90; Trident/4.1)",#5eceb1
"Augustus Cormier",478-282-8702,ernser.leif@hotmail.com,"55703 Mohr Inlet
Orloview, IN 98946","Mozilla/5.0 (Macintosh; U; PPC Mac OS X 10_8_3) AppleWebKit/5352 (KHTML, like Gecko) Chrome/39.0.838.0 Mobile Safari/5352",#e2dc65
"Rahul Morar","(847) 746-7305",lucile.macejkovic@hotmail.com,"1747 Misael Ways
Waltonbury, RI 05955-0017","Mozilla/5.0 (Windows NT 6.0; en-US; rv:1.9.1.20) Gecko/20240111 Firefox/37.0",#fa5367
"Dr. Meda Champlin IV","(681) 336-6731",yost.adalberto@gmail.com,"875 Frami Passage Apt. 252
Krystalview, NM 75563-9122","Mozilla/5.0 (Windows NT 6.2) AppleWebKit/5332 (KHTML, like Gecko) Chrome/36.0.890.0 Mobile Safari/5332",#3aa9c6
"Edwardo Goyette",+12434912005,lhaley@murphy.org,"6224 Constance Mill
South Krystal, MD 33268-4166","Mozilla/5.0 (X11; Linux x86_64; rv:5.0) Gecko/20170912 Firefox/36.0",#93b825
"Alexander Kuvalis",495.216.6766,ubaldo03@kertzmann.com,"648 Rogers Junctions Apt. 620
South Sylvia, CO 11735-9247","Mozilla/5.0 (Windows NT 6.0) AppleWebKit/5351 (KHTML, like Gecko) Chrome/39.0.872.0 Mobile Safari/5351",#358cf5
"Jewel Considine",+1.571.329.9818,daisy.conroy@wyman.biz,"708 Zieme Alley Apt. 959
Hyattbury, SC 63225","Mozilla/5.0 (X11; Linux x86_64) AppleWebKit/5340 (KHTML, like Gecko) Chrome/39.0.814.0 Mobile Safari/5340",#5bd189
"Rachel Goodwin DDS",1-617-246-4228,jade61@green.org,"712 Romaguera Harbors Apt. 873
South Reggie, SC 93524","Mozilla/5.0 (compatible; MSIE 6.0; Windows NT 5.0; Trident/3.0)",#f5cf2b
"Brown Boyer",389.590.1756,aharris@labadie.com,"704 Gleichner Pike
New Aileen, UT 92903","Opera/9.91 (Windows NT 6.1; sl-SI) Presto/2.12.192 Version/11.00",#a00a36